"0","how do you think ?","yes","no"
"1","how do you think about this course?","o1","o2"
"2","here is the third question?","agree!"
"3","Do you think the lab is too hard?","yes","no"
"4","do you think the question is silly?","yes","no"
4,How is your day going,Great,Fine,Could be better,Horrible
4,"Test,test",my,name
4,"""",""""
4,"hi""hi"
4,"""""",""""
4,"<script>alert(""hi"");</script>",ueo
4,"<script>alert(""hi"");</script>",ueo
4,ihtdithditdi,hidhit,gcfrc,hidti
4,iuuihiuhduhdiu,dhidhittd,grfcgfrcg,gfrcfr
4,gcfrcgfrcgfrgc,gfycfycfy,gpgygfpfgypg,gypgfypgfyp
